registry_id,year,state,prev_yr_se_viols,prev_yr_se_hpviols,region_code,pct_white,pct_black,pct_native,pct_asian,pct_hi_pi,pct_other,earnings_median,total_population
110070096721,2022,FL,0,0,90011,25.1980055664762,39.8548755973944,1.1284667654335,0.401011684632757,0.0933484500040439,33.324291936059,14643.1943721704,110750
110070090536,2022,Ky,0,0,91289,12.4944502421355,46.0123350042772,0.372379746681625,35.8729932788362,0.413070248802465,4.83477147926706,40337.8078925628,43531
110055097648,2022,CA,0,0,34269,70.0530185226995,26.9062344971916,0.130317727718953,1.30317727718953,0.361993688108203,1.24525828709222,30743,5272
110000485190,2022,MO,0,0,95341,35.020417219365,29.374628262906,0.893388565939408,8.57735936393798,0.080840264667371,26.0533663231843,30022,34047
110067031991,2022,FL,0,0,63143,58.2491768257292,35.6298863999929,0.449243066002043,3.56185573758763,0,2.10983797068817,40436,9089
110070089273,2022,MO,0,0,92804,30.1318645986163,49.0684979947288,0.606120095113851,13.4874360367781,0.805538662088288,5.9005426126746,33218.4227576079,88173
110067187118,2022,CA,0,0,34105,51.3567758963375,45.7934827510946,0.232074744879782,2.04771833717454,0,0.569948270513581,41775.9383867176,16185
110000479330,2022,KY,0,0,92337,31.4164434512664,28.3028597140846,1.54968179224211,5.86048108382899,0.340084379080415,32.5304495794974,41092,39600
110070096997,2022,FL,0,0,90250,36.2955224115492,31.6314951012316,1.50842386966249,7.39816912361938,0.828804323990378,22.337585169947,35779,95115
110000526538,2022,FL,0,0,90601,26.6361080307148,47.3490576733754,1.63907101611378,4.25901606831524,0.0850839998570327,20.0316632116237,45587,30623
110070162332,2022,CA,0,0,33709,48.7033243978606,45.3571883339986,1.15915419909769,2.37720850993815,0.122512232424959,2.28061232668001,27498.1433235817,23690
110008332553,2022,CA,0,0,33199,46.2492298214734,42.7969304842421,0.157619420024057,2.19815191168685,0.0312398850498132,8.56682847752377,30502,35938
110070219509,2022,Ca,0,0,32310,39.4005563857118,56.2640703910161,0.433537322327218,0.598966037425762,0,3.3028698635192,27901,15265
110011092441,2022,FL,0,0,64836,56.267799339971,38.5341044388963,1.49181932076806,0.656498485986601,0.17637272757849,2.87340568679956,32583.8758412776,24375
110070111165,2022,KY,0,0,90744,46.7930513524272,24.2082348510455,1.02775605155632,3.21173766111351,0.74328785871484,24.0159322251426,27189,56450
110070263612,2022,CA,0,0,34984,65.827125821876,28.0366664264345,0.372518514436459,0.895079208298715,0.129346706401548,4.73926332255273,36960,17072
110067587249,2022,FL,0,0,59521,3.09875783432829,37.7692756569949,59.1319665086769,0,0,0,NA,3863
110006388854,2022,Ca,0,0,33773,68.2736472323469,21.8209217939804,0.634092517747682,8.03485804631706,0.113230806740658,1.12324960286732,40487,17290
110070162549,2022,FL,0,0,65049,58.3029399308055,40.4063964631832,0.669232980894734,0.342583549743733,0.00796705929636588,0.27088001607644,37351,7455
110070087769,2022,MO,0,0,93436,45.4166260829529,33.4990585249706,2.62550805288639,3.70564271652738,0.480421341358393,14.2727432813043,35108,55727
110070204281,2022,fl,0,0,40503,46.2957390695713,47.6613242065533,0.686168030016091,3.51146041470375,0,1.84530827915554,39747.7003076524,28880
110064760450,2022,CA,0,0,33905,59.6910854899266,31.9338367453371,0.574334229749571,1.42261077303101,0.00566777200410761,6.37246498995165,31489,38304
110070212301,2022,California,0,0,34986,56.465088724275,38.9784086622869,0.315943843185312,1.52047974532931,0,2.72007902492355,38318.3346032688,28354
110070389493,2022,KY,0,0,90680,25.8118339414658,48.0810279172779,0.672459020174978,15.0348355632439,0.232712548747904,10.1671310090895,NA,30807
110070001427,2022,CA,0,0,34288,64.8920154639151,32.311332377099,0,2.31843674651861,0,0.478215412467285,42027,11973
110070095507,2022,MO,0,0,93010,50.383744174721,36.2006283399286,1.39174393842764,5.91458503786246,0.635105684578249,5.47419282448207,50996,46434
110069994881,2022,FL,0,0,64161,66.2635925205122,29.4304700593823,0.239218745561416,0,0,4.06671867454407,33646,346
110070088222,2022,FL,0,0,90260,32.1038075774135,38.7299084869313,0.71043843855208,9.27923146824518,0.560689159837671,18.6159248690203,34634,34540
110070089639,2022,KY,0,0,92064,42.4876308763763,41.9806403709908,0.587433008798524,9.228852298229,0.56729244849686,5.14815099710859,NA,49768
110070386622,2022,FL,0,0,90631,31.9645886359398,44.9344775585188,0.910874339965989,7.6015632260699,0.0435204001492551,14.5449758393563,32224.234953763,68748
110070147427,2022,caLifornia,0,0,33612,41.7301926339705,48.9532497198665,0.558993458769778,2.26924725524398,0.13575555427266,6.35256137787655,27905,51347
110070257065,2022,MO,0,0,94603,14.1686840657894,47.151397977632,1.76469879210525,4.17789491315786,0.93933855526315,31.7979856960524,35088,35486
110064512807,2022,FL,0,0,42003,49.6479180965475,48.8240583054022,0.604883856408008,0.37360473484024,0,0.549535006802047,30904,28141
110070093526,2022,MO,0,0,93450,44.3962646915423,18.2726826323437,0,0,0,37.331052676114,NA,856
110000517334,2022,AK,3,2,32114,35.1724273174075,59.2674140413924,0.901080985822633,1.40400990814224,0.102448484176217,3.15261926305903,26613,33731
110070159666,2022,FL,0,0,64057,69.7415620298525,21.4201660185774,1.77850629311951,1.78453512801144,2.03774619347252,3.2374843369667,45406,13710
110070389528,2022,Ca,0,0,32246,45.9592999931242,40.7835008376515,0.722209250937448,7.93498293126757,0.117650216684971,4.48235677033435,40661,55325
110032780426,2022,California,0,0,33592,51.2383464380706,46.1022059128162,0.113828498600177,1.12276291801084,0.155220679909332,1.26763555259288,35114,11706
110055257065,2022,FL,0,0,65101,66.2809910291902,32.1132205804411,0.790013539646593,0.306273365007918,0,0.509501485714107,38383,29665
110070104801,2022,FL,0,0,65052,62.9245207557139,34.2027322301615,1.26595631130918,0.82774066508677,0.779050037728725,0,35100,4028
110062659369,2022,CA,0,0,34996,61.0228451590464,35.9511813605322,0.926668627274608,0.572017671157165,0,1.52728718198963,39338.7436136671,11287
110010112733,2022,MT,0,0,99611,59.287557216635,24.160493225313,12.3143817239668,2.18837025180392,0.489503872114034,1.55969371016726,43851,14929
110001199532,2022,MO,0,0,95348,35.2093601358131,33.3425460025936,1.5904783102415,13.1986252895348,0.33802548854027,16.3209647732767,36581,34302
110000496776,2022,  california ,0,0,34219,66.9851059686059,27.981626261684,0.432452600738814,2.99413363150415,0,1.60668153746712,51524,23970
110070202689,2022,FL,0,0,64503,64.7391142832466,31.6187096358229,1.0688995020122,1.18201056042619,0,1.39126601849206,35500,12302
110059798134,2022,FL,0,0,64157,66.2319729257957,27.4143785086483,0.388844802288928,4.40187416960088,0,1.56292959366618,59205,19762
110069477658,2022,CA,0,0,34292,50.6515579715081,47.3992341901161,0.208843696968835,0.671780558583086,0.107902576767231,0.960681006056641,38292,15090
110070097798,2022,CA,0,0,34997,48.8717501579054,47.5132291481427,0.312746856088596,0.872837233342318,0,2.42943660452092,34129.8019055029,45382
110009954148,2022,FL,5,2,41183,84.0651564520238,15.5034636559838,0.431379891992425,0,0,0,36176,1639
110070097241,2022,KY,0,0,91941,58.1860938784546,28.4642310932561,1.60680342467456,5.47633824738397,0.51285643554681,5.75367692068396,51050,33126
110070086185,2022,MO,0,0,92865,39.1603871538062,42.8290743383866,0.907597443719623,9.66732687927983,0.136268171436657,7.29934601337113,38084.3661501743,21003
110070503784,2022,CA,0,0,34231,53.0638772763896,43.5218662840052,0.402180583111384,0.908756977158063,0.0205368808397302,2.08278199849597,35605,32762
110022432410,2022,MO,0,0,94530,31.3075803839646,46.5713264436515,1.00296141370454,17.2860999031309,0.501480706852272,3.33055114869617,58789,25925
110070001176,2022,FL,0,0,59401,51.9200645751578,41.2252497137442,3.62796780319087,1.04074191589231,0.635312334199323,1.55066365781545,21347.37206781,13410
110070145548,2022,FL,0,0,90012,20.28067256819,39.9798344450377,1.11244195521717,25.4185855728949,0.399338137770267,12.80912732089,37179,37268
110070201134,2022,MO,0,0,94587,15.993492936609501,35.6552650176128,0.611463742203373,37.4327292568203,1.49572139149471,8.81132765525938,57356,75067
110045693692,2022,CA,0,0,32226,72.4194331785568,20.0658809172391,1.084123251176,4.94131966062324,0,1.48924299240493,48849,16407
110066757165,2022,MO,0,0,95821,51.9211843365493,22.1139017718252,1.6271288415774,13.6998630220461,0.509963355394775,10.1279586726072,36281,36434
110070097052,2022,KY,0,0,90706,22.1650503317873,44.0308806805152,0.967072368982667,7.87162758123773,0.801754219228808,24.1636148182483,36235,76339
110070097304,2022,MO,0,0,92705,38.8065706638393,41.2213839387074,0.956659189726093,6.20995561092099,0.13088620754959,12.6745443892566,47005,47044
110002795850,2022,FL,0,0,90621,26.2532960704756,38.4021112232599,0.677493178414157,23.2925289668662,0.59041179301388,10.7841587679703,22142.8939038525,35448
110070088853,2022,MO,0,0,95648,65.6335571058511,21.9470658528241,1.43588879108608,6.41410815643773,0.50928075348866,4.06009934031237,55935,52777
110000525539,2022,KY,0,0,90815,42.2311325565051,45.4812177915453,0.710338098100771,8.42543612794198,0.42247125159089,2.72940417431591,67237,41854
110070094449,2022,MO,0,0,95834,26.3155304500783,45.0189716715687,1.33814739147177,18.8366821455949,0.808635080122511,7.68203326116385,46086,31077
110070092157,2022,KY,0,0,92105,29.63476227324,44.3692985216571,1.46410951744766,11.8595210992404,0.474256039748629,12.1980525486662,22181.2134303242,75990
110013828064,2022,KY,0,0,92610,37.5150393575244,35.4963998558812,0.419324009006825,24.3967046274747,0.249425488116129,1.92310666199682,76694,17002
110070088812,2022,MO,0,0,95619,60.7990888034659,33.2817091508182,1.30761461718175,2.48546595174241,0.109799700679384,2.01632177611232,41153,6504
110066417700,2022,FL,0,0,90061,34.8321867771523,36.8896623962638,1.98896590355866,1.53386353579524,0.573091870516902,24.1822295167132,20961.8639260791,28755
110070091524,2022,KY,0,0,92653,54.6434622487184,23.7744824802936,0.750236818397493,13.5722453554757,0.830359197061303,6.4292139000536,59358,30080
110070091451,2022,MO,0,0,94954,45.1768073450886,41.5224139624944,0.911109746670974,4.83457609327286,0.291839840730546,7.26325301174267,52036,39018
110070087287,2022,MO,0,0,94720,29.9524148964637,24.638373274379,0.987156778894726,39.2524708660508,0.259778099709138,4.90980608450272,18906,2829
110070095338,2022,KY,0,0,92345,48.7255795883793,41.1400139363554,1.26377783072614,1.6299901053488,0.228709930000192,7.01192860919018,34268,83731
110002139702,2022,FL,0,0,90066,37.3856966314391,44.7460987053297,1.02455726521273,10.0567653512209,0.298944893101818,6.48793715369579,56998.3490520705,58851
110070228665,2022,KY,0,0,92040,55.4446412606182,34.3597350950182,2.21673923935522,2.85422387775364,0.609947504990287,4.51471302226445,44316,45392
110070210735,2022,CA,0,0,33301,50.6534705941935,45.1036003191342,0.272893236411522,1.7308160062813,0.149530540499464,2.08968930348001,55127.3369055912,15250
110070248708,2022,Fl,0,0,90031,18.7045880143457,38.1109945721915,1.5402693285975,17.2135089237873,0.0999176710168042,24.3307214900612,22730.9415710284,39497
110070147888,2022,CA,0,0,32303,65.5462501734826,28.0254415003694,0.607790928548991,3.16224319408763,0.0367702696986934,2.62150393381273,37883,49073
110065634460,2022,Mo,0,0,95020,44.8733432612219,34.9704217491356,1.68492601364659,8.17403263515952,0.300716919688143,9.99655942114826,49713,63522
110070264427,2022,CA,0,0,33576,54.0434648865902,44.9662746482409,0.148539069775328,0.569399767472091,0,0.272321627921435,23693.0032462422,4512
110070389118,2022,FL,0,0,63662,50.9798990853435,48.5499692804401,0.470131634216424,0,0,0,26593.4273802398,1751
110002437195,2022,KY,0,0,92570,26.8795588425394,36.5204935590777,0.6680715940461,1.89304597488816,0.120697562157298,33.9181324672914,33860,60370
110070091806,2022,MO,0,0,96135,92.6500021586419,7.34999784135814,0,0,0,0,NA,280
110002408591,2022,MO,0,0,96080,53.3516826081206,39.9255120339035,2.50172302340887,1.27755392071064,0.198812425701367,2.74471598815499,35012,31009
110070087536,2022,MO,0,0,95133,16.1643607912035,24.2693732691596,0.875601267540465,45.287620342006,0.692867089966803,12.7101772401236,52713,28158
110002854313,2022,MO,0,0,95776,38.1374522336459,44.12942590598,0.916850446671098,9.0032069102198,0.420957777197548,7.39210672628573,45498,24311
110006783016,2022,KY,9,0,92106,54.2010625672525,35.7455643838667,1.14966331822431,4.38231877753244,0.992048185887105,3.52934276723699,56324,20592
110070095727,2022,FL,0,0,90049,58.2126212811057,31.2670900450948,0.337635347146903,7.53873632253932,0.0321557473473241,2.61176125676599,80090,36610
110070030819,2022,FL,0,0,65483,55.7619334369803,38.833826318026,1.26702283255833,2.66333370925526,0,1.4738837031801,22334.41705379,4534
110070096253,2022,KY,0,0,92307,44.1376738898739,47.4917973413525,1.03496776533643,2.41492478578501,0.0977702342423079,4.82286598340985,23354.5222064324,38848
110002662789,2022,MO,0,0,95060,53.9010080868204,31.9237354164684,1.543327401767,6.29937676370418,0.349006970476975,5.98354536076304,40460.6146704121,48910
110070220041,2022,FL,0,0,59801,52.6065983509158,41.9219963106786,2.99165540982081,1.35621711911877,0.222712124953327,0.900820684512712,21651.2461175829,33427
110070094398,2022,MO,0,0,95660,47.2974009580002,39.2164849665706,1.54962026417934,5.3421119633551,0.66266656033985,5.93171528755492,32403,36820
110070096736,2022,MO,0,0,93960,24.4662521068096,42.5199118852499,0.788075111451791,1.9443676538953,0.363726974516211,29.9176662680773,23256,27009
110070102709,2022,FL,0,0,90255,32.2578745722695,45.9058349971319,0.750695659160804,0.333336421131953,0.17148919186334,20.5807691584425,22547.7161336323,74390
110065193249,2022,FL,0,0,90245,66.190127625851,13.7714776953841,2.69557040189122,11.3917580035807,0.242799539876231,5.70826673341671,73365,16575
110070091785,2022,MO,0,0,95827,54.4162023632032,24.1341725486319,1.91949203114555,10.0883073903034,1.10939456269951,8.33243110401644,37937,21325
110055788465,2022,MO,0,0,95971,52.0678089715229,41.8065664435921,2.88667612227011,0.557764538879309,0,2.68118392373563,41803,5948
110070087572,2022,MO,0,0,95035,10.0032010889155,46.3674151374452,0.673888137940719,37.5205321099721,0.721923552731948,4.71303997299449,67852,75367
110070097014,2022,KY,0,0,92614,35.4034456417609,33.2146856052766,0.390694206183445,27.9311265127194,0.467897252914305,2.59215078114525,65784,27471
110057189359,2022,CA,0,0,33990,49.7338971680261,44.074562912041,0.297714917261988,2.71974981707046,0.176768232124306,2.99730695347616,36543,35396
110070126666,2022,FL,0,0,90249,30.7397912421464,35.201865666141,2.85789442387302,13.3954330366053,1.75777175593463,16.0472438752997,40151,26192
110070088805,2022,MO,0,0,95634,67.8224202742738,26.7047713743226,3.36081855136531,1.70795696872664,0.0367302573919707,0.367302573919707,31282,3921
110065848024,2022,KY,0,0,92595,67.4427532490754,1.78310335800705,1.73202332095215,7.72426529424627,1.12302157261736,20.1948332051017,40841,34034
110070554626,2022,CA,0,0,33477,50.7875237074072,47.6350490448863,0.120721473038762,0.507030186762801,0,0.949675587904929,45723.1199112602,12875
110070091066,2022,MO,0,0,92867,48.1741906592705,34.7618983734627,0.818691570842202,9.03603162818066,0.416260410174836,6.79292735806908,51427,44437
110002464887,2022,Mo,0,0,92879,34.7479771353175,37.0526485486046,1.25004751380616,7.99413101421717,0.20319702384915,18.7519987642054,42073,49481
110001183807,2022,MO,0,0,94514,47.6517191549609,34.6723921094719,1.40731598213115,1.85765709641312,0,14.410915657023,38383,2081
110070087114,2022,MO,0,0,92703,20.4052163508512,22.4168604080873,0.941537508571972,13.381279204067,0.279431274892039,42.5756752535305,28796,66428
110043745276,2022,CA,0,0,32751,60.7066391021947,31.7863361488274,0.352172534897003,3.30610951127799,0.352172534897003,3.49657016790596,NA,21478
110070251015,2022,MT,0,0,99631,58.8050757688519,33.045906240708,0,0,0,8.14901799044015,22406,267
110070517658,2022,  california ,0,0,33556,49.3173253062801,45.6952401726643,0.313616248625737,2.50424914947417,0.0187233581269097,2.15084576482875,51058.5425427396,23679
110070546981,2022,ca,0,0,34787,50.6573536672818,37.7114565005321,0.844566661511556,4.97628489355357,0.506389554308796,5.3039487228122,29205.2054451381,74842
110002682268,2022,KY,0,0,91107,53.2877505154639,8.48506574473974,1.07156599005635,25.3817197943198,0.279886639193823,11.4940113162263,59321,33481
110070504220,2022,WY,0,0,99737,60.8139434978417,31.7763764915594,2.92940837628328,1.43598449817808,0.201037829744931,2.8432493063926,54794,4660
110070088889,2022,MO,0,0,95670,49.2372237498977,29.125648399512,1.5385445273288,12.0981517811517,0.866143585755472,7.13428795635428,41636,57222
110070088431,2022,KY,0,0,91302,53.0984855580389,37.4107564593138,0.771494997146419,7.19453322782696,0.212275250694133,1.3124545069798501,81959,26961
110070518419,2022,CA,0,0,32920,54.3378291866621,43.1131234773087,0.605876347535861,1.05891902181943,0.196500437038657,0.687751529635301,36190,10387
110070090455,2022,FL,0,0,90021,27.5423526338768,47.448544387417,1.88646250916965,3.64716085106132,0.161696786500255,19.313782831975,19183.2052748719,3285
110070232409,2022,fl,0,0,59722,73.2942618938706,17.9629121592637,7.1597041196192,1.11246398671374,0.0570494352160892,0.413608405316647,23258,5655
110070092279,2022,MO,0,0,95454,42.1454604729019,35.5373567176284,9.84500257765949,1.41037958275459,0.470126527584863,10.5916741214707,NA,2165
110070096139,2022,Mo,0,0,95815,39.4284239329346,23.8478366150119,2.13830598376493,8.59562660329302,0.308933725699749,25.6808731392958,31856,25966
110070445298,2022,ky,0,0,92627,63.9120089136753,6.31690279702087,1.10030722741255,6.57758237502522,0.732111034581892,21.361087652284098,44360,62437
110070387480,2022,CA,0,0,33647,37.4486745269882,49.0744188127292,0.682423714544192,9.40544522018348,0.0561633947708298,3.33287433078404,35980.9194539242,74066
110070146430,2022,FL,0,0,64744,87.7649829282254,9.17962664692722,1.71588955018604,0,0,1.33950087466136,25250,7989
110070094397,2022,KY,0,0,92259,89.7697465208363,10.2302534791637,0,0,0,0,38383,89
110070562898,2022,FL,0,0,41017,65.4990171589838,32.3057584264704,0.313844535822839,1.26887683300417,0.0472454139948361,0.565257631723932,48932,40557
110070387007,2022,FL,0,0,64501,50.463934607449,44.2224336148617,1.14678967077082,0.544854820954463,1.11565510957342,2.50633217639053,27238,11482
110070093565,2022,KY,0,0,91384,46.6193288301009,34.3251619460026,2.94185647117089,5.95470797030366,0.403784221533259,9.75516056088868,51558,28833
110070568022,2022,KY,0,0,92324,48.2180829352278,16.5092832725314,1.66409444798847,4.3782366984566,0.236926673723716,28.993375972072,36533,59628
110064193377,2022,MO,0,0,95765,62.6472163512391,18.3162405831261,1.2718088473132,13.3810526594974,0.423292002373237,3.96038955645098,69059,39992
110070226776,2022,fl,0,0,63089,58.1117330172291,41.26702342966,0.621243553110931,0,0,0,39887.6145547169,5846
110070252400,2022,MO,0,0,95970,63.5286504203294,33.1545927304164,2.29621628025287,0,0,1.02054056900128,45568,533
110070096866,2022,FL,0,0,90278,36.935853772435,46.8758205196025,0.700930002178124,11.5874464324041,0.141448937376486,3.75850033600378,77427,40090
110070088013,2022,FL,0,0,90302,21.2678956622172,58.3463852572567,1.90890257917752,2.63590111155915,0.0701489811947194,15.7707664085946,34929.7846947312,29367
110000874616,2022,California,0,0,33781,53.5514938296814,36.6189148987241,0.179126948001722,6.94863285790013,0.462744615671115,2.23908685002152,33662,26265
110070390116,2022,MO,0,0,95838,30.8441681438357,37.1831554065346,2.12587497360591,14.0528618385118,3.11633944994502,12.677600187567,31745,40068
110009073448,2022,CA,1,0,32257,43.0659783579161,48.9204360329559,0.346579124445412,3.30095483160813,0.0915757849144381,4.27447586816008,30124.398320239,39154
110000486304,2022,MO,9,2,96707,21.8491840489185,33.4677868368643,1.06637980974774,26.4345163434346,16.4486815687107,0.733451392324134,42903.3150949549,46529
110070894147,2022,CA,0,0,33844,51.4761072814091,40.1880231762538,0.293212874445956,0.469140599113529,0,7.5735160687776,29697,40078
110070087213,2022,MO,0,0,95490,50.1902663459048,37.3911014494406,3.67156001568069,1.76414979571725,0.72858158616629,6.2543408070904,33178,13731
110070094395,2022,KY,0,0,92250,45.4905406372408,28.5638103721248,1.75981892913667,0.778680942095871,0,23.4071491194019,29375,8255
110066142301,2022,KY,0,0,91773,48.345149774888,30.3083979942554,1.39072427636882,11.7842516546503,0.938156180846562,7.23332011899088,53388,33703
110070096551,2022,KY,0,0,91750,40.2685194970872,45.0018189398224,0.992943070229843,6.35755190710992,0.540233463742073,6.83893312200858,42769.1944602385,34468
110070529568,2022,FL,0,0,90058,38.6969690580283,45.0331572443616,0,0.0584546360393177,0.389697573595451,15.8217214879753,19401.635235413,3003
110070545119,2022,CA,0,0,33321,40.4116667758272,49.8499563939968,0.473806808180801,2.38170267213879,0.689173539172074,6.19369381068432,32149.8345957985,48061
110065777877,2022,KY,0,0,91710,44.2232966443243,21.0578314543491,1.75584088152928,12.5382351017876,0.766445157198453,19.6583507608112,40800,90481
110070145782,2022,CA,0,0,32765,63.1990367855085,24.6923488734202,0.819847741783363,5.29484999901755,0.0158601497666424,5.97805645050369,49235,63800
110070213271,2022,  california ,0,0,33434,46.714405179939,47.5975390758548,0.621195561538308,1.75631194908823,0.0399161806610961,3.27063205291856,29732.4948917165,20685
110070501538,2022,FL,0,0,59725,50.1773420439144,47.2233957191653,1.60202053711177,0.495403941195206,0.135110165780511,0.366727592832815,23574.3694030374,8018
110070095116,2022,KY,0,0,CALIF,51.8292929873724,36.447766528033704,0.987998977369098,2.6658725524024,0.458273839876938,7.61079511494549,39917,48736
110038053922,2022,KY,0,0,92555,34.4416549415262,33.7698653415277,0.530965864769471,6.94721692221737,0.191875514994575,24.1184214149647,47237,46566
110064923739,2022,KY,0,0,91344,41.9237567668409,35.2592122548338,0.625861637217005,11.8577226320039,0.130107437127549,10.2033392719769,52032,55694
110027365269,2022,CA,0,0,32968,81.6644026438001,12.3814623352736,0.119681105948267,2.61503216496964,0,3.21942175000839,42000,14705
110070090028,2022,MO,0,0,93021,62.8072662148584,19.7964118094919,2.45745811412605,8.19686354679179,0.436258850879055,6.30574146385276,56006,38235
110065829740,2022,FL,0,0,90242,29.0022696698993,45.2602369258653,1.16692282658514,4.21396041957897,0.303791082228311,20.052819075843,38921,41703
110070097703,2022,mo,0,0,95518,46.3834624342457,41.8637081202273,3.35202111338211,3.66854323089962,0.765360857931674,3.96690424331366,28650,21193
110065737858,2022,MO,0,0,94565,22.4844861814901,47.0222051246834,1.4817520656833,11.3660477420743,0.642445758248837,17.0030631278201,40694,97249
110070519427,2022,MO,0,0,92887,41.6261283433823,43.3497194089406,0.327674259849854,12.4085068401037,0.0977274108324126,2.19024373689113,59651.7697785515,19362
110070266856,2022,CA,0,0,34224,65.012318039436,31.4483526892128,1.15404077274829,1.68229887294997,0.316954860121008,0.386034765531997,25971,16369
110070792829,2022,KY,0,0,91745,32.7074617084222,12.8857902574645,1.48114388293229,34.7608314136087,0.753405502123561,17.4113672354487,42228,55394
110070504449,2022,CA,0,0,33527,49.24268566851,43.3722383685785,0.428395063556981,0.837834593328255,0.216093085157061,5.9027532208692,34542.3646817077,15593
110070096571,2022,MO,0,0,95366,54.9183742082352,36.5406412893468,1.65510851417973,2.65129646894073,0.324776010329606,3.90980350896795,50711,18728
110070095439,2022,MO,0,0,94538,24.2412034861254,11.8856554438443,1.25141401988576,50.0552851440338,0.942706381952675,11.623735524158,65375,67283
110070391838,2022,CA,0,0,32216,67.7190291984115,17.7388022917275,0.375502003775751,8.26366997120482,0.0288847695212116,5.87411176535913,41486,37867
110039205062,2022,MO,0,0,93465,65.926070562815,26.7114042388955,2.86157788521988,1.70523694950443,0,2.7957103635652,52029,9465
110070555411,2022,CA,0,0,33570,41.5284177046855,45.3842491168395,0.256614376048529,1.42472301582143,0.53375790218094,10.8722378844241,31923.5770811789,29576
110070235462,2022,FL,0,0,64152,56.3858063545489,39.0449752637791,0.70583020611887,2.44779556161001,0.0157288068215904,1.39986380712155,53330,31010
110070097555,2022,ky,0,0,90720,56.2880772471734,24.0731722266,0.445016021776564,11.8703186678227,0.503061589834377,6.82035424679299,57962,22998
110001193404,2022,MO,0,0,95404,62.0283237347333,19.6722185095117,2.24124981771545,6.14200428188141,0.461313714757461,9.4548899414007,51136,38462
110070087251,2022,MO,0,0,95448,56.1706062590372,32.7742428907772,1.25279281135324,1.7225901156107,0.794181157197141,7.28558676602447,44783,17353
110070554150,2022,CA,0,0,32570,48.864364261617,45.6406799710691,1.4869113514848,1.59311930516229,0.696445597885153,1.71847951278161,28845.7834387511,32341
110041964773,2022,MO,0,0,95138,25.3070217384744,36.212673735116,1.38033093560537,28.5545223214132,0.0658664139396754,8.47958485545126,80867,20597
110030480913,2022,MO,0,0,94608,41.4595710988396,33.8210225285663,1.52529396611181,15.4356703858437,1.19536349091292,6.5630785297257,61012,31572
110013852465,2022,ky,0,0,92663,48.7656587650035,45.2816171209535,0.24263821117023,2.51419403574486,0.566155826063871,2.62973604106402,59623.6490632905,22721
110002634347,2022,KY,0,0,91502,39.3905220536634,39.4447456444373,0.630161434040125,12.0545536390952,0,8.4800172287641,48355,11218
110070116830,2022,fl,0,0,65233,50.6946593404022,46.8135774057226,0.816184495489002,0.681754107996696,0.172839069632965,0.820985580756584,30570.5783206872,11785
110000477467,2022,MO,0,0,92881,38.5969982983621,44.2175524257935,0.498303886898667,8.56944746673486,0.96557154554759,7.15212637666322,56535,32694
110065246166,2022,MO,0,0,95119,38.2738534569082,34.2283704861133,0.826262234954388,19.6049493930087,1.44451439677341,5.6220500322421,66415,10450
110069334562,2022,FL,0,0,64086,56.1505306763618,40.3062236687178,0.320264671822081,2.11476354726961,0,1.10821743582879,54490,23843
110070094393,2022,ky,0,0,92257,67.6738862002753,21.3349953913274,2.74777960209934,0.863587874945508,0,7.37975093135252,2499,1217
110055863631,2022,FL,0,0,90001,33.1932564863371,25.5588556380772,1.48043810505056,0.56073230881561,0.079917455228393,39.1268000064911,25915,58974
110070088938,2022,mo,0,0,95610,47.4900717904868,43.8392351524396,1.29796581665726,3.20211801742635,0.250916607736814,3.91969261525313,40403,46924
110070097519,2022,KY,0,0,91746,28.8834962213791,27.8576074470608,0.740304005674099,8.4087360644492,0.160632001231172,33.9492242602056,32992,29876
110070336376,2022,KY,0,0,90805,20.714117890392,41.2323072426366,1.45213537856812,7.98603829059813,0.996577343949232,27.618823853856,31966,95094
110070094556,2022,KY,0,0,90802,38.9722062392524,41.8313881912279,0.987793938758475,6.94776072891465,0.544531784727361,10.7163191171193,48351,39165
110000479401,2022,KY,0,0,92374,54.6647394221332,24.0407581082454,1.19388138208886,7.51727829673296,0.67124519664297,11.9120975941566,43144,44131
110070547966,2022,CA,0,0,32801,45.7323334444403,41.8406445394834,0.838879762665116,6.19343143925097,0.17402292948904,5.2206878846712,54327.8493627684,12945
110070567810,2022,FL,0,0,64092,50.358143935960904,8.48896424540446,0,41.1528918186347,0,0,38383,93
110069484579,2022,California,0,0,33142,58.0818826388411,20.1356593843034,0.473036568306199,0.275062004533604,0.224254373122939,20.8101050308927,25606,59773
110070230984,2022,Fl,0,0,90280,52.3574185647987,10.8658054857955,1.34657175395488,0.867327648098595,0.176243756320335,34.3866327910321,31078,94905
110070599383,2022,CA,0,0,33950,49.4874012317759,48.4215505168051,0.275547272237998,0.764421464918317,0.251103562603982,0.799975951658704,32125.2304344952,23948
110070552096,2022,CA,0,0,34235,51.4674917613393,44.7453351649635,0.0913488982600313,0.578543022313532,0,3.11728115312357,31503.772905271,14269
110070079446,2022,FL,0,0,63640,67.9182868022715,29.6678855063077,0.518151493969918,0.907397006513173,0.0101102730530716,0.978168917884674,32955,28762
110070088120,2022,KY,0,0,91350,49.5353154598418,31.0778299585972,0.72683722502699,9.4149195690412,0.827032076140524,8.41806571135232,56281,38611
110070145146,2022,California,0,0,32780,78.3564228733809,14.0386093165066,0.450414046952914,4.04851932376752,0.40875725648328,2.69727718290878,36678,35908
110070088814,2022,mo,0,0,95726,68.5775264735806,26.3970529307551,1.23866000597359,2.43308215459098,0.150408715011079,1.20326972008863,52839,8207
110001131506,2022,FL,0,0,63010,53.075330640617,44.563306021879,0.419695436939186,0.52116026784756,0.0215228429199582,1.39898478979729,42732,35270
110070087402,2022,MO,0,0,94801,24.3048902893489,44.4096007516988,0.925298934645343,5.90110324585062,0.345593578000068,24.1135132004563,33337.232416431,31443
110054305569,2022,MO,0,0,93461,51.0162047483053,37.533578659454,0.35291763469235,0.156852282085489,0.7058352693847,10.2346114060782,32768,1437
110035448272,2022,AK,0,0,32025,62.6520273229798,31.539175441777,1.23758857351856,1.21612749998933,0.0965748308815058,3.25850633085377,33953,24317
110070838633,2022,FL,0,0,65723,62.7343824040415,31.9441971844489,2.49231082564374,1.41455479293293,0,1.41455479293293,31625,2959
110070264167,2022,MT,0,0,99693,30.304164496991,25.1951254758962,12.0124616024108,19.3837448584357,10.3743986566275,2.73010490963883,23269.2885706201,265
110070388991,2022,California,0,0,34949,53.1057995530269,44.376071143664,0.998811064441036,0.55567657810452,0.365761798246013,0.597879862517521,25105.8908706645,7740
110070837619,2022,FL,0,0,42160,69.8637881303359,29.931092115905,0.20511975375906,0,0,0,26474.5544390979,1840
110070685837,2022,CA,0,0,33904,67.3843805566186,28.3181811442436,0.305981260406198,1.12345358298395,0.0548026138040951,2.81320084194355,33754,31388
110070865468,2022,ca,0,0,34685,56.0094433302795,37.6477819147623,0.722955235966602,3.43314703188081,0.0641044051596001,2.1225680819512,48417,17549
110070818509,2022,FL,0,0,40840,70.9509378637617,29.0490621362383,0,0,0,0,38383,299
110070668910,2022,FL,0,0,63123,52.7883163868463,42.8900527955414,0.801271555332898,2.6735609140298,0.0557703213228864,0.791028026926653,37197.9841576014,50463
110070603106,2022,CA,0,0,34450,59.5219723437967,36.3726804048274,0.962364599577274,1.21825345264406,0,1.92472919915455,33563,11074
110070162355,2022,FL,0,0,41051,57.8141302365974,40.8536553164869,0.218721774866753,0.932550112840975,0.0417559752018347,0.139186584006116,34401.4902364016,29846
110062665307,2022,CA,0,0,33579,69.6246046384709,17.8563046706259,0.973735228946091,4.73428039698529,0.497010689774567,6.31406437519731,43497,37920
110070816397,2022,FL,0,0,59701,65.815495394463,30.0234977587082,2.56453061283042,0.925346097413037,0.0955852012712367,0.575544935314042,33948,33685
110070134981,2022,FL,0,0,64856,64.4717874801628,28.5500474308602,2.11676987274881,1.0583849363744,0.753426564876694,3.0495837149771,30152,3734
110070621631,2022,Calif.,0,0,32832,52.5507664091386,36.4404498235603,0.414017145379385,6.83693887069127,0,3.75782775123038,43220.7634717086,29359
110070000369,2022,California,0,0,33523,74.2745935252882,19.8844904237544,1.2228298174167,1.03022292309832,0,3.5878633104424,31955,18834
110070667288,2022,CA,0,0,34785,51.7576603430589,45.6774439129653,0.45628873073424,0.461473829947129,0.0241971296601491,1.62293605363429,21926.7855714954,37555
110070667871,2022,CA,0,0,32224,43.6018140835405,50.8798572385175,0.387877900137427,3.74991167271019,0.281977026086748,1.09856207900765,42996.7939231753,41017
110009878230,2022,FL,1,1,64742,60.4712608686793,36.2802829689537,1.6381103724757,0.666349982024014,0,0.943995807867353,43964,2189
110070742592,2022,FL,0,0,65656,59.4569709037994,38.9203079189715,1.4359331280517,0,0,0.186788049177457,25000,5100
110070818442,2022,FL,0,0,40456,52.2549623798215,47.0811918600143,0.177407056595605,0.303308838695712,0,0.183129864872882,22474.5270403761,9240
110070832490,2022,CA,0,0,33908,71.2416648297259,25.5971454397946,0.132492562377661,1.31250444605371,0.00828078514860382,1.70791193689954,41751.4866820588,35798
110070740582,2022,FL,0,0,65279,57.3422717250084,41.714718113796,0,0.943010161195584,0,0,NA,1621
110070741895,2022,FL,0,0,65710,61.2529183811138,33.2419123015753,5.50516931731085,0,0,0,32307,1054
110011493874,2022,FL,0,0,59870,55.9866470731772,42.4778115419215,0.671799355894313,0.59098138826793,0,0.272760640739044,39994,11305
110070741993,2022,CA,0,0,34484,54.7751840633405,44.1384782297944,0.356454560065123,0.729883146800013,0,0,NA,3361
110070621197,2022,FL,0,0,63127,72.1755849108408,25.5336051274871,0.0301422363377911,1.62768076224072,0,0.632986963093613,71250,5014
110070826531,2022,FL,0,0,63334,75.8991975646571,22.4319546436838,0.791510666901186,0.734293028330016,0.143044096427925,0,32143,9099
110070830831,2022,FL,0,0,41764,54.1309178841416,45.8690821158584,0,0,0,0,23051,715
110063016490,2022,FL,0,0,41091,55.1437763248607,42.9445587384089,0.163030572320889,1.57508569064859,0.0999219636805448,0.0736267100804015,64018,21569
110070742950,2022,FL,0,0,65679,69.3338323983477,25.2894671571718,5.19747709633109,0,0,0.179223348149348,33183,2958
110070825408,2022,FL,0,0,63766,58.8178498208362,40.9711822816716,0.126580738495343,0.0843871589968956,0,0,31942,1403
110070674780,2022,AK,0,0,32087,42.0736011634269,54.351223395246,1.30579455665601,0.279169870733355,0.162098634619367,1.82811237931842,NA,6541
110070103096,2022,CA,0,0,33991,49.6938440375798,48.3427813315003,0,0.652209213020372,0.0134939837176629,1.29767143418191,37571,23620
110070818989,2022,FL,0,0,40914,56.1283353153599,43.8716646846401,0,0,0,0,38383,388
110054110225,2022,California,0,0,34476,45.9874919499242,50.2294869399644,0.265038005917991,1.20966064239493,0,2.30832246179857,36841.6716246873,22857
110070555843,2022,FL,0,0,63736,74.9665269179697,21.14769776894,0.558063475816152,0.124014105736923,0,3.20369773153717,31380,3793
110070544604,2022,FL,0,0,63390,69.1531260991755,25.7782515141678,0.826325629265727,0,0,4.24229675739101,44131,10310
110070047841,2022,FL,0,0,64083,59.4145168112455,36.5953878014599,0.407979296307861,1.57983472187299,0.0983779863437395,1.90390338277002,50837,23269
110070740987,2022,FL,0,0,42071,66.7089081229943,30.5253386935687,0.385970340591285,1.67621405056787,0.077194068118257,0.626374724159571,33246,32349
110070531185,2022,fl,0,0,65583,75.6039959473127,19.7578516295558,0.92903811813864,1.23167932328986,0,2.47743498170304,36770.7427166564,12470
110070839514,2022,FL,0,0,65072,55.5408844325172,42.5829529017367,1.84381503357803,0,0,0.0323476321680356,31759.8308681011,1757
110070145641,2022,CA,0,0,34736,50.3188935702657,40.9332041549109,0.298363755505579,2.9590302350141,0.369109800625459,5.12139848367824,32314,20564
110070688465,2022,FL,0,0,40366,56.6358901753245,42.1573077848343,0.586639880478354,0.477692474103802,0,0.142469685259029,36485,6880
110070666630,2022,FL,0,0,65809,86.1865766763965,10.4465658107952,1.75806352885558,1.52586645900673,0,0.0829275249460179,53728,10611
110070393245,2022,FL,0,0,64866,58.4365580290381,32.777525903659,5.44863011925763,2.72431505962882,0,0.612970888416484,28333,934
110070693546,2022,  california ,0,0,34695,47.8068072277019,48.987185079517,0.361362454100667,1.46568611383231,0.0953996878825762,1.28355943696557,41135.8136402973,18442
110070670468,2022,CA,0,0,34142,53.9741858117098,34.1480139101452,1.29825096412533,0.343590707423455,0,10.2359586065962,23931,33029
110071236986,2022,KY,0,0,92251,44.544007018468,35.3092621958528,0.769170258317883,2.0159298927155,0.148304069414232,17.2133265652316,44698,24321
110070624771,2022,AK,0,0,32176,59.9309122636009,36.5429857097645,0.615465081012589,0.743686972890212,0.406035990945805,1.76091398178602,23853.6493915349,14821
110070116758,2022,CA,0,0,40208,72.6495151864005,16.1783727221227,1.176731953297,7.28616005965877,1.2177807423655,1.4914393361555,26995,15190
110011911244,2022,FL,4,4,40601,69.8613636059945,25.0484108361872,0.656496380354134,1.93460285998078,0.177602885506432,2.32152343197694,38140,51306
110070618705,2022,Ak,0,0,32095,45.6634530623556,48.5423927726326,0.677955453321118,2.92072669134272,0,2.19547202034804,25488.7410428572,13155
110011106739,2022,FL,1,1,63124,70.4951573988922,20.5135915755971,0.836395444233558,5.6817207763452,0,2.47313480493198,100957,11107
110042788187,2022,FL,2,0,65355,51.2020166423563,46.3363951858924,1.96042650804147,0,0.191620636124354,0.309541027585495,27392,10707
110070875884,2022,FL,0,0,42503,52.7418768530417,45.8724265200607,0.143053426813772,0.785726284589076,0,0.456916915494735,21290.3410679818,25463
110070918199,2022,CA,0,0,40004,63.2122549080198,34.9844514117683,0.58185660360233,0.734247618831511,0.0946671458241886,0.392522311953953,40204,29892
110058278091,2022,CA,0,0,34210,48.7081284561457,48.6892226645438,0.0593760200603158,1.87034463189995,0,0.672928227350245,22920.6072139744,16799
110070817180,2022,California,0,0,32583,52.751280718078696,41.3166671904815,1.60518773323496,1.7198439998946,0.751844371538624,1.85517598677155,24198.5741440034,32341
110070792453,2022,Fl,0,0,42261,79.151993912146,18.4749202368567,0.74435301537493,0.471669237465302,0.0515888228477674,1.1054747753093,31256,10928
110070387073,2022,FL,0,0,64035,70.9193325429953,28.039649731603,0.650636078376103,0,0.390381647025662,0,NA,1095
110070600124,2022,CA,0,0,32344,47.1244929140074,51.0662524635631,0.575127297196124,0.581118206541917,0.0718909121495155,0.581118206541917,32268.676213298,12580
110070602387,2022,AK,0,0,32174,69.5417247734095,27.3801089429691,0.573185747935132,1.83939204752987,0.00866275689574507,0.656925731260668,35186,52115
110067015544,2022,AK,0,0,32158,55.8951232688141,41.4223371781853,0.266477439039796,1.32251766041973,0,1.09354445354109,20618.9268189388,30459
110070710826,2022,Ca,0,0,33594,40.9432862718981,52.6399538628546,0.468226167312676,3.10236646077927,0.14429611445485,2.70187112270051,37765.1196655481,36685
110070569624,2022,FL,0,0,65686,64.8663750215395,32.8138839657062,1.17220955431734,0.579935253188578,0,0.567596205248396,32284,5351
110070387509,2022,CA,0,0,32609,46.8647660247075,47.9735402842406,1.45465913111462,2.46993441910665,0.0895831136463551,1.14751702718426,26780,19495
110070670282,2022,Calif.,0,0,32305,28.5005950931196,69.13194333365,0.681235381470852,0.131525642957244,0.0910562143550148,1.46364433444728,27318.8175006179,21533
110042802189,2022,Fl,0,0,65043,56.2321503239947,40.218852274088,0.78414836212574,1.38242451989575,1.04553114950099,0.336893370394762,38758,10327
110070391335,2022,CA,0,0,40069,69.3729809964348,29.1676872970927,0.43779951194174,0.829994908056215,0,0.191537286474511,39324,8590
110070686798,2022,CA,0,0,34639,44.0149190512505,49.3585469525843,0.980491851729032,2.22729013232274,0.02939746292662,3.38935454918678,32343.9074858846,29728
110070390063,2022,caLifornia,0,0,40067,71.0711515075516,24.06096140289,0.44150603835529,1.39244212096669,1.24527344151492,1.78866548872143,50000,6783
110070621389,2022,CA,0,0,32641,35.4458304852503,61.159848881605,0.610441062482547,0.462861904519733,0,2.32101766614243,25759,16258
110070705841,2022,FL,0,0,42223,45.1916232929236,47.9473905920928,1.43297312600634,2.24982356553913,0.769456386727138,2.40873303671104,37539,21228
110070519843,2022,FL,0,0,63703,56.9569248311573,40.6948820496412,0.247178223073838,0.776845843946349,0.679740113453055,0.644428938728221,27178,8476
110055689893,2022,KY,0,0,92567,35.9296087760365,44.7811898418226,0.325758938070485,0.165549624265329,0.0373821732212032,18.7605106465839,NA,10012
110070674196,2022,CA,0,0,34475,35.807075023653,60.5380201581231,0.461672187565134,0.368238530557905,0,2.82499410010094,21959.9486152349,13291
110070252312,2022,MT,0,0,99645,49.4356097681477,40.7731192867361,6.35148569620394,1.56616930891589,0.587765618242107,1.28585032175427,47078,30435
110070824433,2022,FL,0,0,59808,48.5105116408155,45.8063564889421,2.76155817491342,1.2078590895883,0.240023280623316,1.47369132511735,41226.0168133095,20165
110009072270,2022,AK,0,0,32091,50.6830949648978,48.0292161390461,0.301735681914116,0.450478623702765,0,0.535474590439135,31245.8694306239,15026
110070838009,2022,FL,0,0,42351,63.8404641066788,35.449375458299,0.162745099692576,0.517825317203652,0,0.029590018125923,41875,4443
110070603330,2022,CA,0,0,33602,43.5129463756846,49.8200152638771,0.269487154104096,3.14893893768211,0,3.24861226865211,48385.1627243496,15860
110005658467,2022,California,0,0,33619,35.0788276070936,55.9306440863229,0.78192497440937,1.74887334811314,0.0547025702261699,6.40502741383478,25437.9672620282,40257
110070236964,2022,fl,0,0,65203,62.8936332706198,29.4959233907037,0.815911821890341,6.06511667601396,0.0516399887272368,0.677774852044982,47412,58271
110070705212,2022,FL,0,0,41018,81.4443833276749,14.2118309304751,0.914817910286507,1.76886120415538,0.40303166676958,1.25707496063845,37870,28047
110000442405,2022,FL,0,0,63620,52.9958021797443,45.143276522341,1.4968280004966,0,0,0.364093297418091,21673.0586708991,1319
110070621684,2022,MT,0,0,96791,37.2586025831109,16.3261643961132,2.23790781219052,29.2123844186701,13.2395309499821,1.72540983993315,37872,7303
110031109164,2022,fl,0,0,63138,47.7247074871146,48.0777857174972,2.22697305864647,0.0809808384962352,0,1.88955289824549,29242,18257
110070568127,2022,FL,0,0,64056,49.8766862124309,43.7896503754595,0.599031602990749,0.664778974050709,2.43265272921853,2.63720010584952,37475,17037
110070620765,2022,fl,0,0,63055,52.6519125770492,46.1616397184104,0.342751559089454,0,0,0.843696145450964,35865.4268536761,1997
110070625033,2022,Ca,0,0,34606,49.9179518875345,47.1670299613514,0.384441550860727,0.83427779851735,0.150605968378429,1.54569283335756,24124.4454660027,27014
110070672570,2022,CA,0,0,33756,47.1856912615344,48.5720301291982,0.489352172621473,1.5821160468213,0.264912454351474,1.9058979354731,26101.9976938616,32554
110070740518,2022,FL,0,0,64118,44.7953048387709,49.8182824017444,1.24584529824787,2.01393281250689,0.292779770188045,1.83385487854186,34882.0370010694,43649
110070621411,2022,CA,0,0,34992,49.6932622511822,46.6309501863185,0.318003989782007,0.887509233840278,0,2.47027433887696,35813.3963877432,45382
110070830304,2022,FL,0,0,65704,77.2965049832936,20.5031153652654,1.65573122286649,0.0871437485719206,0,0.457504680002583,31728,3600
110062638329,2022,FL,0,0,65571,79.7513260779998,19.7744768480229,0,0.474197073977296,0,0,31563,1864
110044899358,2022,CA,0,0,34613,50.5315364158505,47.7209058284287,0.286237908264611,0.629723398182145,0.0060260612266234,0.825570388047406,21610.0699865706,17760
110070793558,2022,FL,0,0,42103,53.9338659478465,41.6633694849823,0.69358619893792,2.86481256083054,0,0.844365807402685,42222,20571
110070526807,2022,California,0,0,40351,70.9070712127871,28.0280289154386,0.189094369754321,0.809456600351832,0,0.0663489016681829,32935,22097
110070696560,2022,MO,0,0,96150,57.2033211016096,32.8470712698066,1.4378045706046,4.09401538474376,0.385544633006566,4.03224304022889,NA,30369
110070884044,2022,KY,0,0,91303,47.5807976819746,12.7829888503759,0.839979913520053,9.79795924931778,0.249284361431758,28.7489899433799,32035,31024
110070838723,2022,FL,0,0,40810,68.183594392767,31.6004068921556,0.215998715077403,0,0,0,NA,950
110020724910,2022,MO,5,2,96708,33.1299538910139,41.4363794722253,1.13406225403519,12.4101118546556,10.6827857168369,1.20670681123318,NA,10889
110070817220,2022,FL,0,0,41042,69.6275752595605,23.2080500385713,0.431094179768575,3.67603098190414,0.0395902818154814,3.01765925838002,41650,54730
110070877148,2022,Fl,0,0,42086,56.4627288981468,40.6064437930407,0.354425628042447,0,0.177212814021224,2.39918886674887,37000,4385
110070388580,2022,FL,0,0,63501,55.8367997124878,40.6210867936394,0.460503716701362,2.20983859020842,0.0260662481151714,0.845704938847785,34392,20947
110070712685,2022,FL,0,0,42035,67.5574875604294,31.6152778980143,0,0.827234541556278,0,0,41563,992
110070047869,2022,FL,0,7014,64640,75.5623097762087,22.1523436604182,1.02111229427309,0.0729365924480779,0,1.19129767665194,34453,3161
110070877029,2022,fl,0,0,42702,67.9319159370558,27.171186955437,0.729521994283742,2.81629421049072,0.282246352968128,1.06883454976455,42002,50851
110070923980,2022,FL,0,0,64734,64.4921869011026,32.2131599466689,0.285363658854436,0.41507441287918,0.778264524148462,1.81595055634641,55000,2596
110069999727,2022,ca,0,0,32260,47.0566562336133,48.5346971088748,0.520331870592055,2.57971213873495,0.125282014536224,1.18332063364871,42263.5015979575,57223
110070837535,2022,FL,0,0,59936,51.3576425085358,47.6461963221176,0.9961611693466,0,0,0,19316.972545949,491
110070927126,2022,CA,0,0,33310,18.1320438405138,76.9292374742911,0.74653274715932,0.871718197603214,0.268690722903968,3.05177701752859,27277,75705
110069488682,2022,CA,0,0,33558,48.4625606575943,42.6902776701852,0.107974513162111,5.0253138000866,0.321674070462124,3.39219928850967,53812,25429
110070601283,2022,CA,0,0,33309,43.7949740433385,46.316318676922,2.58493531516426,3.00405651441311,0,4.29971545016211,30770,39928
110070675184,2022,CA,0,0,33134,45.7254598870216,46.9124793951575,0.0533043724838107,0.900117017169804,0,6.40863932816724,NA,39420
110071074774,2022,FL,0,0,41164,67.6626976991831,30.9787390190655,1.15035434968224,0,0,0.208208932069184,31090,13143
110070938993,2022,FL,0,0,63379,49.0418192817868,49.5818252696383,0.541674903430765,0.555168584299147,0,0.279511960845056,38967.4341814935,26594
110071068373,2022,Fl,0,0,42413,78.2104701973007,20.1764231018848,1.38626357101242,0.0756143766006775,0,0.151228753201355,44596,3146
110070925819,2022,AK,0,0,32168,55.8881673745075,42.2100283107151,0.200300897897846,0.877107089742148,0.0400601795795692,0.784336147557882,31979.0737799183,28284
110070885414,2022,CA,0,0,33162,30.156015501381,59.9705770009948,0.761480738780301,2.43260362705381,0.0689122840525159,6.61041084773759,29546,47855
110070937457,2022,FL,0,0,63552,51.2023868645152,46.9548537110549,0.519190155295713,0.599628066679556,0,0.723941202454586,30014,7378
110070557773,2022,CA,0,0,34946,33.623473548028,57.081701532591,4.30098086986828,0.784373410918227,0,4.20947063859448,27109,6292
110070866143,2022,CA,0,0,32754,48.8607209550892,49.9338336266109,0.444360271843884,0.680722118569354,0,0.0803630278866598,32267.8019334151,11398
110071158615,2022,MT,0,0,99572,59.8845542689045,31.3088936327272,7.54847322717283,0.503231548478189,0,0.754847322717283,38383,273
110070928148,2022,FL,0,0,41179,85.7818808598307,13.0221443113417,0.539361197314408,0.574536927574044,0,0.0820767039391491,29414,7351
110030767677,2022,CA,0,0,33614,55.3504777141103,29.9246678681719,0.495939838255062,1.69918106143099,0.0345362004355893,12.4951973175962,26663,49652
110070946760,2022,CA,0,0,32804,53.8445113221361,41.2922593950328,0.733523619403762,1.53490625205633,0,2.59479941137102,40132.87677789,18695
110054257683,2022,CA,0,0,33325,49.4389513228975,38.6937148595539,0.484462012963333,3.64140709743751,0.170753004569044,7.57071170257865,42040,30985
110032828064,2022,Ca,0,0,40205,64.0285135745249,33.8557709443025,0.361546316402914,1.01768592765265,0.0669530215560952,0.669530215560952,54791,24859
110070946293,2022,FL,0,0,40356,78.6850503146423,18.2814374310902,0.47517422529254,1.40841640376709,0.011404181407021,1.13851744380093,40113,44249
110070939077,2022,FL,0,0,42726,54.1543095499175,43.2944779257593,0.203668226731677,2.29394739581994,0,0.053596901771494,36811,5260
110070866226,2022,FL,0,0,63119,55.988113110737,39.6100628240051,0.196739839174018,1.58678954399232,0.086418434029709,2.5318762480619,61928,33752
110070818400,2022,FL,0,0,40517,51.014389760824,44.5937805742694,0.502679298995339,1.69890484886019,0.0283465770110154,2.1618989400401,27061.4783238284,37358
110070876780,2022,CA,0,0,33952,50.9841112213903,45.3956665378032,0.361857743288249,1.26979171735695,0.115136554682625,1.87343622547871,30219,35285
110070506496,2022,MT,0,0,99574,38.0592739748507,41.2281959708088,8.33208595367789,7.64951394052348,2.98919467829687,1.74173548184227,46582.3456923902,2302
110071073987,2022,AK,0,0,32145,60.8782282697628,35.9189561458642,0.680134583554124,0,0,2.52268100081893,26704.5824165739,5788
110038882938,2022,FL,0,0,59601,58.3560351116243,37.5627937149201,2.15274710396598,0.906717475488299,0.0527818904650153,0.968924703536353,38715.7900177454,32165
110070894117,2022,CA,0,0,33156,45.5830130839211,45.5334929777578,0.13135009732052,3.06332583291189,0.0981351301819976,5.59068287790672,62443.0671176344,33223
110043731879,2022,CA,0,0,32853,49.9663885652071,44.3316923922269,0.241422832915496,3.07068142539709,0.0651027864041787,2.32471199784921,35850.4864089412,20771
110002520460,2022,CA,0,0,32811,31.4368585271516,55.1225750287679,0.3463292132879,2.54616106806104,0.0342053543988049,10.5138708083327,24523.2942112401,39905
110071097514,2022,FL,0,0,40854,57.5701216442765,39.2896899023993,0.862012516598793,0,0,2.27817593672538,24342,946
110070263611,2022,CA,0,0,32578,46.157901376396,47.701093602541,0.508091324521041,3.31357089108938,0.531614071026644,1.78772873442588,36108.0793726383,33846
110070883620,2022,CA,0,0,40347,50.502792229012,47.0721240608642,0.440924310931603,0.135669018748185,0.305255292183417,1.54323508826061,41144.5395625848,3276
110070162354,2022,FL,0,0,63376,50.7862420267248,46.8928910485034,0.369804489728207,1.60007382933281,0.0202632597111346,0.33072534599959,49835,75031
110070793072,2022,California,0,0,32726,64.5706157728031,29.5602948304264,0.432384605317634,0.669841724631417,0,4.76686306682146,29106.8081393357,23354
110071238251,2022,FL,0,0,90069,54.9593888324616,35.8062423122196,0.592596765938438,6.70870242508916,0.0507034666043583,1.8823661976868,65232,20035
110070667731,2022,FL,0,0,41076,52.2534005718523,46.1445583237784,0.428490035899162,0.965701424190649,0,0.207849644279444,38857.0912962854,16926
110002531038,2022,CA,1,0,32901,66.7959603379971,25.6576000245252,0.540721156290389,4.26155861301363,0.0540721156290389,2.69008775254468,31880,26014
110070893112,2022,CA,0,0,33442,63.392998921751,28.2947623520885,0.225625233776101,1.36913494132316,0.323054311997599,6.39442423906358,39357,28934
110070695813,2022,FL,0,0,64068,75.602576179713,19.9687251108954,0.933673892615267,1.8319181955554,0.270932156339251,1.39217446488169,46661,38976
110071077345,2022,CA,0,0,34134,50.8460067490393,46.9336132163346,0.358462607470982,0.845693336072317,0.0278417559200763,0.988382335162708,48523.4115696456,15208
110070946765,2022,CA,0,0,33177,45.9006776532087,42.9606833485155,0.0528093882041519,1.41446322131121,0.0869801688068384,9.58438621995353,32043,56862
110070893683,2022,FL,0,0,59044,52.4001940956109,45.7953249849676,0.799064543393479,0.47417016860712,0.23708508430356,0.29416112311738,26736.7904959913,12300
110070667238,2022,AK,0,0,32117,66.0826271453771,25.0003656352154,1.09143295219187,3.89641563932497,0.218286590438374,3.71087203745236,27733,28266
110070668168,2022,fl,0,0,40906,67.070351903904,31.6567801037591,1.10763993563929,0.122391153109314,0,0.0428369035882598,31598,11336
110070884611,2022,FL,0,0,64804,53.9648588659555,40.0901216159577,2.10187302087549,1.68117355224585,0.0568512795445457,2.10512166542089,33349.2402146906,36116
110066031421,2022,ky,0,0,92281,32.7365177000268,34.7026132529311,0.395209469215616,0.241516897853987,0,31.9241426799725,27805,2865
110070518483,2022,fl,0,0,64131,47.9380039716102,46.9294555824985,0.842087185257598,1.92422637355243,0.201948510491641,2.16427837658966,38943,22208
110056350540,2022,FL,0,0,40508,68.5514790982608,23.845308854466,0.750745370914629,3.70776285227225,0.0651156699262689,3.07958815416001,28152,26226
110070948546,2022,CA,0,0,33613,42.3879434542714,47.2057262995949,0.908214032140915,3.77844769096793,0.0589299181160136,5.66073860490883,31265,36388
110070673192,2022,FL,0,0,42712,54.7661355396604,44.6699490731959,0.265371946891147,0.29854344025254,0,0,35463,1651
110070875818,2022,FL,0,0,59632,52.6612404333762,44.5470085391848,2.76236417451862,0,0,0.0293868529204108,23819.2846847286,1836
110070155162,2022,FL,1,1,65652,69.8323989901071,28.0617236036215,0.526469351567851,0.752099073668358,0.131617337891963,0.695691643143231,28168,3823
110071077220,2022,FL,0,0,40437,49.9918409006716,48.8703647118309,0.0266670559569727,0.346671727440646,0,0.764455604099885,23479.5828759875,5746
110032646527,2022,ca,0,0,32343,37.9244717319045,46.542632931092,0,6.65695514443005,0,8.8759401925734,NA,3153
110071070407,2022,MT,0,0,99505,71.6297270426405,13.0383000394842,3.69445130551211,3.28237789066653,3.63761359311961,4.717530128577,45304,6054
110008972594,2022,WY,2,0,99734,70.7617086817345,16.5093959461159,7.11723182098684,2.87426669693699,0.547479370845141,2.18991748338057,103672,586
110070941186,2022,FL,0,0,40353,55.1941626302793,43.2896309393402,0.584177608903177,0.177908635438695,0,0.754120186038647,34450,21936
110070926821,2022,FL,0,0,59405,50.5378376409264,41.9642662245591,4.92533590383534,0.92958058755634,0.410744910780708,1.23223473234213,35984,31745
110070832427,2022,FL,0,0,65202,63.0942134707427,31.9883293219108,1.57526143098097,2.2920214890449,0.125634347256151,0.924539940064493,37453,48027
110070741200,2022,FL,0,0,41169,60.2887719606643,38.9037336693701,0.633572505665337,0.173921864300288,0,0,43255,4867
110071067713,2022,FL,0,0,65610,59.3001366062208,39.2961641468712,1.09587046469137,0,0,0.307828782216677,36266.8602914357,4838
110070839073,2022,FL,0,0,41048,57.7613046285864,37.3898251599031,0.662602327481297,2.34783368061292,0.344706413140559,1.49372779027576,52836,15781
110070883131,2022,CA,0,0,34420,51.4180801385028,46.0308805052966,0.0866278001520119,1.05446942943656,0,1.40994212661206,20091.4963291675,18592
110070832243,2022,AK,0,0,32204,45.9592196461827,47.8519924185493,1.74139688109608,1.84383199174879,0,2.60355906242306,36882.4319018601,7507
110070250368,2022,FL,0,0,41004,72.3537421954681,24.0024047285212,0.387643944256459,3.17868034290296,0,0.0775287888512918,45396,3901
110070919557,2022,Fl,0,0,40769,78.7736590533387,19.4611681178542,0.717806853658138,0.880329160146773,0,0.167036815002208,27911,18064
110070115482,2022,fl,0,0,63050,48.7899891024962,48.899357723709,0.739645702239043,0.171597802919458,0.0118343312358247,1.38757533740044,NA,16794
110020959300,2022,CA,1,0,33762,46.6809628317191,47.464612656754,1.46009628105227,3.03250766064702,0.0561575492712411,1.30566302055635,34000,8542
110040763885,2022,CA,0,0,33130,54.2666857118502,35.0901259043273,0.290893835237818,1.04369182097448,0,9.30860272761019,28233.9213370959,33938
110070003976,2022,FL,0,0,41056,66.1518252783707,31.8060357919358,0.103661874603731,0.907041402782643,0.0673802184924249,0.964055433814695,32438,14087
110070928884,2022,FL,0,0,65705,89.5508917594736,7.28823207082738,1.85292740982358,0,0,1.30794875987547,31507,4114
110071220416,2022,CA,0,0,40051,69.079731624481,30.3544072412809,0.521187886798197,0.0148910824799485,0,0.029782164959897,40632,4656
110071076278,2022,FL,0,0,59833,51.2147858993999,43.1896684484654,1.38917192405428,2.05947166363292,0.388579559176023,1.75832250527151,32131.1984894015,5444
110070256362,2022,FL,0,0,59714,52.8056449544536,44.2362563070627,1.21804065702268,0.406866521988667,0,1.3331915594723,27187.5424973175,21530
110070839776,2022,FL,0,0,42629,66.4205846927125,32.5662199475682,0.037525754063679397,0.838075174088839,0.137594431566824,0,30331,5457
110070596700,2022,ca,0,0,33004,38.7441292890922,54.9368117329505,0.404249564246431,1.741109965307,0.0496446833285091,4.12405476507543,30612.0677658808,16234
110071144487,2022,CA,0,0,34746,42.5912246708757,48.7911465117749,0.242515695784147,2.63081977828587,0.0404192826306912,5.70387406064871,21034.2514400058,46725
110070894096,2022,  california ,0,0,40071,85.0320325649157,13.027112367056,0.413977396781646,1.00537367789828,0.0268816491416653,0.494622344206642,48585,16314
110070940134,2022,CA,0,0,33810,46.0902734089471,49.1461341512244,0.425378738662257,1.23608783601093,0.0833439258956584,3.01878193925963,25115.5893503353,51595
110071068145,2022,WY,0,0,99726,40.2166408870158,36.3236519288916,23.4597071840926,0,0,0,NA,18
110056730113,2022,FL,0,0,65707,53.5581849491531,43.3973928379536,1.7143348383283,0,1.33008737456506,0,32474.1073993649,1917
110070072418,2022,WY,0,0,99789,15.8431096105576,40.208538387553,43.9483520018893,0,0,0,44375,535
110070696277,2022,FL,0,0,64024,52.4284063629439,46.3015457733465,0.432577610255312,0.33221960467608,0.020763725292255,0.48448692348595,39435,15989
110070793667,2022,Fl,0,0,64062,56.3296899156175,42.1225481539015,0.283019324430799,0.221108847211562,0.10613224666155,0.937501512177023,42614,6391
110070894034,2022,FL,0,0,41129,62.3374601853246,36.2068843859238,0.399977392584916,0.0917980901014562,0.0393420386149098,0.92453790745038,36250,9730
110070946036,2022,FL,0,0,63965,63.4656044770352,36.5343955229648,0,0,0,0,18895.7042031342,2877
110012965201,2022,MT,0,0,99559,19.3888670963694,18.9105050421761,57.3651690336309,2.33670609428357,0.936613599774818,1.06213913376526,45948,8036
110070892459,2022,Ca,0,0,33540,57.7348866712268,39.5994035354327,0.398859320699322,0.731242087948757,0.139600762244763,1.39600762244763,29873.1401623212,9126
110070819071,2022,ca,0,0,33936,52.5867998515442,37.9436499558702,0.0122694353363379,1.09934140613587,0.0490777413453516,8.30886160976802,24620,26157
110071252852,2022,FL,0,0,64840,65.696940348612,30.3356906845834,2.66732715847316,0,0.089658055746997,1.21038375258446,41125.9681927858,3049
110070119756,2022,California,0,0,33716,59.5772048162694,27.2095735968476,1.26268233499529,6.35621446599326,0.423747631066217,5.17057715482818,41996,18243
110071148172,2022,ca,0,0,32708,44.8839707244081,49.3240834332197,0.457580381027297,3.32301092241182,0.0799655034804985,1.93138903545259,29589.8849840468,46542
110070865646,2022,FL,0,0,90048,70.1308614047784,16.6494617098619,0.973881232417862,8.98557605848043,0.20162384889901,3.05859574556235,72024,21766
110041959048,2022,ak,0,0,32081,70.1192954555112,22.503753183581,1.46728867825256,5.90966268265525,0,0,66821,16914
110069995264,2022,FL,0,0,41408,66.789313649428,33.210686350572,0,0,0,0,19732,388
110070837999,2022,FL,0,0,41501,61.2252103831528,37.2759210949934,0.596692421080855,0.573852519795464,0,0.328323580977504,34833,22017
110009074786,2022,CA,0,0,34203,81.7433709748659,8.62383117499559,0.583881221249043,2.75542244410718,0.201252676260308,6.09224150852192,33426,39350
110070949207,2022,CA,0,0,33573,79.929591150740407,13.3148922076244,0.384807909966565,1.35039072108637,0.1817148463731,4.83860316420922,41350,25132
110012609178,2022,FL,1,1,63873,75.7701838968713,20.6420290488873,1.20239349925928,0,0,2.38539355498213,31566,4431
110071155644,2022,CA,0,0,33763,49.3537016832376,44.4480226411976,0.45133075307511,1.14610657902104,0.248915748665667,4.35192259480303,33355,19987
110070073605,2022,ca,0,0,32922,50.2276317948703,43.4231341650891,0.492838975857809,0.618670203736399,0.235933552272356,5.00179130817394,30017,17384
110070818949,2022,FL,0,0,41005,62.2158677504708,35.7384298087679,0.727822977653304,0.717425506543971,0,0.600453956563976,47700,24926
110071158161,2022,FL,0,0,41144,63.1598244186317,36.3221051228458,0.396547758375207,0.10233490538715,0,0.0191877947600907,33433,9992
110070712137,2022,FL,0,0,40504,174.221121653914,20.3167134935224,0.801149402795355,2.94215211716225,0,10.7188264925723,28850,27287
110071206641,2022,FL,0,0,63137,16.3253986482142,82.400012284311,0.479636304136868,0.293111074750308,0.128791229814529,0.37305045877312,25965.4509470969,20250
110071066820,2022,WY,0,0,99709,43.7757489626422,44.5207551134646,5.69534179522178,3.65846608373622,0.222923731883681,2.12676431305157,42404.9657051429,29574
110070949292,2022,CA,0,0,34481,54.0556342376584,42.6891857287479,0.381999333363897,0.884055600070734,0,1.98912510015915,22482.763752184,21462
110071277971,2022,KY,0,0,91367,57.0362884554886,25.7284209028765,0.718483601002247,12.5934208953449,0.31101026247088,3.61237588281685,57293,45074
110070551805,2022,California,0,0,33624,58.7715670924022,32.4927893425489,0.434124274530829,3.46945032461781,0.0708774325764619,4.76119153332383,44022,39750
110070946357,2022,CA,0,0,33993,68.9405135799807,23.1524359540642,0.205481905460189,1.43570474204651,0.0213487693984612,6.24451504904989,42014,29328
110070712228,2022,CA,0,0,32435,49.2234722018008,46.2730079261223,1.45613809197154,1.06583303639154,0.300234658138462,1.68131408557538,NA,7039
110071147668,2022,FL,0,0,65737,59.8481924415674,37.3787428118047,1.59110272347502,0.560674293034054,0,0.621287730118816,28224,8106
110070894234,2022,FL,0,0,59840,50.7668428668282,46.0337365560711,1.40803993139682,0.44968814562935,0,1.34169250007446,23837.8180641249,13966
110070686552,2022,FL,0,0,42049,52.6764821901098,44.7275515417944,0.180275435284428,0.576881392910169,0,1.83880943990116,NA,1499
110070891722,2022,FL,0,0,42166,60.4180590689305,38.2414837915813,1.34045713948817,0,0,0,22238.6451301142,2512
110071142116,2022,CA,0,0,33839,52.7430522408623,44.1505479855251,1.29844223341481,0.394463463315891,0.098615865828972707,1.31487821105297,39740,3565
110071240687,2022,FL,0,0,42127,58.2364775975596,38.9222503785608,0.710318005969905,0.700719113997339,0,1.43023490391238,31096,6476
110070742752,2022,CA,0,0,40299,60.3039905005777,34.3190986824198,0.71749497942082,3.09710063059347,0.027529783383053,1.53478542360521,49577,42219
110070237662,2022,WY,0,0,99950,49.9795100112734,31.3161290124542,15.5768460727723,1.42711845111169,0.364370668368943,1.33602578401946,40489,1953
110071096392,2022,FL,0,0,42367,87.1286988915257,12.6202097572019,0,0,0,0.251091351272408,28750,694
110071236278,2022,FL,0,0,42748,67.1774066959798,31.7904754990719,0.0299164581144421,0.456225986245243,0,0.545975360588569,40588,9425
110070946712,2022,FL,0,0,64855,70.8208266515714,26.8122503820612,2.14891690367565,0.218006062691732,0,0,40556,2317
110070695545,2022,CA,0,0,32825,46.7122789639738,40.4811532837004,0.606173437580056,3.76217287486234,0.0666688213920535,8.3715526184914,35032,60254
110065283188,2022,KY,0,0,91403,67.6590369429042,18.2088653570906,0.849884704069168,9.46563038435401,0.167449402660468,3.64913320892152,60741,25837
110071157647,2022,California,0,0,33182,51.5281177511813,38.9511721988825,0.152275987712538,0.325316882840422,0,9.04311717938323,NA,16484
110005659812,2022,CA,0,0,34677,72.2463849506576,19.1039431007452,0.219845828693511,4.62036643254231,0.191013588864854,3.61844609849647,41698,22703
110071097425,2022,CA,0,0,32566,72.2837893356238,19.5737371185929,1.70764927557755,3.89946734576003,0.114512951421083,2.42084397302464,44838,41165
110071067623,2022,FL,0,0,40972,68.2061721797291,31.7938278202709,0,0,0,0,43750,1220
110071158297,2022,Ca,0,0,34119,51.6309372455615,45.5748253141918,0.0530443114804934,1.22686359133915,0.0718664865219588,1.44246305090503,52243.63343567,31355
110071142293,2022,Ca,0,0,34608,72.5148188127234,19.1831773824186,1.07572724823046,2.28198207051398,0,4.94429448611362,30735,36327
110067354286,2022,California,0,0,33919,52.8257053502363,43.5605207141679,0.164348318032848,1.24111316031702,0.0132234278877004,2.19508902935827,34351.3848408535,30485
110071254888,2022,FL,0,0,64842,56.8107312552818,30.1612439079807,4.48505773068014,3.98671798282679,0,4.55624912323062,32875,894
110070946467,2022,AK,0,0,32068,48.2204578193237,47.0967205063768,1.02066322149758,1.55498276971015,0.135461293913044,1.97171438917874,37946,56217
110070792051,2022,California,0,0,40272,60.1257417342578,37.4815664706061,0.406507995000764,0.77735739394883,0.25674189157943,0.952084514607054,36194,37401
110071203986,2022,CA,0,0,32563,72.0673520255812,23.0337093336093,0.687570335552209,3.11070127616766,0.230114265527554,0.870552763562071,39852,27807
110055626470,2022,CA,0,0,32818,16.1470310552459,71.9781490981255,0.966226414700795,3.34324618490887,0.398311420953785,7.16703582606521,16552.6823436661,61027
110002536355,2022,CA,1,0,32501,34.4782399012576,62.9788964183893,0.571124462966997,1.02666421319067,0.108785611993714,0.836289392201674,24652.2083936437,11422
110070947663,2022,CA,0,0,32220,48.3273544058123,45.8144799597998,1.22589400925441,1.96946906404807,0,2.66280256108541,37201.7441235403,12703
110071253777,2022,CA,0,0,33767,59.4987405908584,38.5892173665782,0.267184914244663,1.21068164267113,0,0.434175485647577,62795,7493
110070602418,2022,CA,0,0,33634,52.0111241301205,37.0397529575087,0.691993497010187,2.4554607958426,0.103240965279746,7.69842765423833,35099,23071
110070948411,2022,FL,0,0,65791,62.6714173436665,34.9688337156947,1.60663757660511,0.100414848537819,0.200829697075639,0.451866818420187,23719.6731234435,5042
110071097686,2022,CA,0,0,34293,77.912582973028,19.4998200001836,0.558395409165884,1.15328725030339,0.0711680423446715,0.804746324974362,38280,43988
110009957671,2022,FL,2,1,42001,61.0529697359756,36.0953910821219,0.589082293057421,1.38254007554293,0.0673236906351338,0.812693122666972,38648,29952
110070839642,2022,FL,0,0,42327,54.4949859038929,44.9178111559387,0.0255305626160192,0.0893569691560671,0,0.472315408396354,43696,4394
110070949106,2022,fl,0,0,40741,51.4078993912366,47.7202448737271,0.30325416870829,0.240076216894063,0.0463304979970999,0.282194851436881,33989,24922
110070266883,2022,ak,0,0,32128,52.1017687261036,43.082554631806,1.33554765540638,2.56836087578151,0,0.911768110902435,35343.1035756636,22046
110069604789,2022,FL,2,1,40965,58.6527304508556,40.8616343263212,0.207349870418877,0,0,0.278285352404283,23168,11301
110070064155,2022,Ca,0,0,32212,62.9715886320652,30.3359462765314,1.73379924647757,0.693519698591027,0.936251593097886,3.32889455323693,32750,2327
110070742540,2022,California,0,0,40291,47.0465460614356,50.5166841169208,0.0904741270412223,0.845933087835429,0.0346817486991352,1.4656808580678,30792.5524570405,38416
110071144961,2022,CA,0,0,32608,42.5319071065885,44.8022523299761,0.653463641504725,9.30551551599335,0.112332936524842,2.59452846941248,38522.0144231867,50431
110003236515,2022,FL,0,0,40422,47.9150977657185,49.7909698546819,0.351112098918308,0.815005659913406,0.0106397605732821,1.11717486019462,NA,25662
110070159218,2022,ca,0,0,34771,53.9416823398915,38.6964582957441,0.967995348947574,1.64729033066517,0.0509471236288197,4.69562656112288,NA,21715
110070693244,2022,CA,0,0,32653,50.576104401875,42.8072303940516,0.377541979457006,5.35335165742882,0.0193611271516413,0.866410440035948,42440,14363
110070865092,2022,FL,0,0,65257,58.6069468280347,40.1439419780498,1.01279285993148,0,0,0.236318333984011,31837.4223550009,1756
110071082620,2022,CA,0,0,32967,63.0040214042523,31.7884883677674,0.811604612400312,1.77010598722602,0.0624311240307933,2.56334850432316,28798,22819
110071074263,2022,Calif.,0,0,32607,77.0031069713812,9.50695177608253,1.22105655757894,6.08705806315472,0.269725926151766,5.91210070565087,38918,30139
110070918951,2022,CA,0,0,34973,50.8242459651753,42.7585283080226,2.25193721503571,0.868052488540506,0.14316048894778,3.15407553427807,27200.4169994395,24871
110071096005,2022,FL,0,0,40806,64.9895255908232,34.2210248428306,0.789449566346207,0,0,0,39129,2591
110071144625,2022,CA,0,0,34275,69.2409520141469,26.0821467789667,0.739620096447018,2.30717313667801,0,1.63010797376134,37793,20475
110070741603,2022,FL,0,0,42002,60.760608476772,36.4014078412238,0.586261384562427,1.37591957601386,0.0670013010928488,0.808801420335103,38648,29952
110070504630,2022,CA,0,0,33764,65.3032687912501,29.4430174648106,0.972133565586782,2.89281794180002,0.0340639793871379,1.35469825716541,33027.3539829131,27273
110071158671,2022,California,0,0,34236,68.4420747262714,26.282299563171,0.496529478640716,2.84940212174502,0.259549500198556,1.67014460997332,33077.352282935,13384
110070894219,2022,FL,0,0,42633,56.4555265165025,41.6229082140775,0.329934895226314,0.0885936292737323,0.0336044800693467,1.46943226485053,28396,19448
110071223079,2022,CA,0,0,34284,49.5663768369084,47.7392457555469,0.223119303140499,1.52229499231303,0.0875531442703225,0.861409967820915,28137.5399159346,18117
110071148210,2022,caLifornia,0,0,34212,53.8824862422735,40.0185278080718,0.370372816978148,5.09330209625424,0.0621793780328278,0.573131658389543,48594,22119
110070227855,2022,FL,9,7,42642,61.9907236678296,33.8681100612451,0.0475388985182743,1.18847246295686,0,2.90515490945009,32504,12292
110070695893,2022,FL,0,0,63368,71.4453652022315,22.5102402251682,0.552314752493455,4.62736203573423,0.245089671418971,0.619628112953595,57989,46301
110071239694,2022,FL,0,0,42539,53.5407372924235,44.3968306084847,0.807294850215939,0.418379082958625,0,0.836758165917251,26143,9463
110071236172,2022,FL,0,0,40409,56.6157679411795,40.7456200292343,2.63861202958622,0,0,0,32268.8564569027,3725
110071222408,2022,CA,0,0,33473,53.6978086808373,39.1834621573846,0,3.19948786680657,0,3.91924129497159,69505.3776677526,11868
110071092728,2022,FL,0,0,42256,56.4674902152452,42.9441763686349,0,0.287907841930978,0,0.300425574188846,33231,4567
110064674641,2022,CA,0,0,32548,51.7268533382348,38.186945376163,1.44047268145395,4.16811472685771,0.315284181282089,4.16232969600849,33376,22818
110070232495,2022,FL,0,0,41776,71.7616065345779,28.2383934654221,0,0,0,0,26620,1369
110070867719,2022,California,0,0,40258,76.0204622629155,20.3852407246537,0.42137550145732,1.01202150350006,0.0900375003113932,2.07086250716204,36351,26664
110070517540,2022,FL,0,0,65742,54.2022847583413,43.8138968090711,0.728829168750257,1.03673026143085,0,0.218259002406494,24138.149161406,14170
110070706175,2022,CA,0,0,40229,72.8451215743309,22.6978592812354,0.499152867318756,2.22538986679612,0.0207980361382815,1.71167837418057,39400,40709
110071204584,2022,CA,0,0,34974,60.0969377684279,32.3150378974024,2.66279465834356,1.02642538797905,0.16927957969288,3.72952470815425,34236,24871
110071279416,2022,California,0,0,33018,46.6097030450313,43.566558825771,0.0704244274220828,0.440387419479424,0,9.31292628229623,33974,53575
110069493952,2022,mt,0,0,99503,33.3401988188678,43.3381691521921,9.4767938498724,9.90851916147892,1.48987558515189,2.44644343243691,37340.6846473481,13017
110070667655,2022,FL,0,0,63967,65.1753404954612,33.7416271402225,1.08303236431627,0,0,0,23250,1699
110071147978,2022,AK,0,0,32073,42.9572193955686,49.4819358459161,0.72844877336024,3.27943669563346,0.412409714100836,3.1405495754208,28713.5725081265,42153
110070930303,2022,FL,0,0,63128,54.3229239434985,43.5555496511291,0.253620521410145,1.27550758577803,0.014809957454607,0.577588340729673,33714.5000915292,30480
110071237484,2022,WY,0,0,99801,40.7720381831135,41.1535794644237,9.47509368303335,5.49035533428576,1.16890310580599,1.94003022933771,51380,29839
110071180922,2022,FL,0,0,42441,88.7203557142393,9.30320071786928,0.658814522630489,1.31762904526098,0,0,43050,1226
110071221900,2022,California,0,0,34737,64.6875854891434,32.1580216273735,1.30681990887158,0.292907910609148,0,1.5546650640024,35101,3016
110071181783,2022,FL,0,0,40361,65.6649839729219,33.4857019719634,0.145378081506119,0.153029559480126,0.080340518727066,0.470565895401386,34182,18478
110070567602,2022,FL,0,0,64127,33.1298307846203,47.8063474575111,0.824381481421345,1.60367960057746,0.553881307829966,16.0818793680398,27112,15402
110071081999,2022,CA,0,0,32258,55.2072957173197,30.7739675744551,0.0239479076487422,6.89699740283776,1.36871502946273,5.72907636827603,52849,39963
110070793891,2022,FL,0,0,40472,63.4009074420856,33.4027033184519,2.91538798764161,0.281001251820878,0,0,40660,1842
110070893112,2022,CA,0,0,33442,63.392998921751,28.2947623520885,0.225625233776101,1.36913494132316,0.323054311997599,6.39442423906358,39357,28934
110001193404,2022,MO,0,0,95404,62.0283237347333,19.6722185095117,2.24124981771545,6.14200428188141,0.461313714757461,9.4548899414007,51136,38462
110069477658,2022,CA,0,0,34292,50.6515579715081,47.3992341901161,0.208843696968835,0.671780558583086,0.107902576767231,0.960681006056641,38292,15090
110067587249,2022,FL,0,0,59521,3.09875783432829,37.7692756569949,59.1319665086769,0,0,0,NA,3863
110070793891,2022,FL,0,0,40472,63.4009074420856,33.4027033184519,2.91538798764161,0.281001251820878,0,0,40660,1842
110070894096,2022,caLifornia,0,0,40071,85.0320325649157,13.027112367056,0.413977396781646,1.00537367789828,0.0268816491416653,0.494622344206642,48585,16314
110070695545,2022,CA,0,0,32825,46.7122789639738,40.4811532837004,0.606173437580056,3.76217287486234,0.0666688213920535,8.3715526184914,35032,60254
110070147427,2022,California,0,0,33612,41.7301926339705,48.9532497198665,0.558993458769778,2.26924725524398,0.13575555427266,6.35256137787655,27905,51347
110013852465,2022,ky,0,0,92663,48.7656587650035,45.2816171209535,0.24263821117023,2.51419403574486,0.566155826063871,2.62973604106402,59623.6490632905,22721
110070839642,2022,FL,0,0,42327,54.4949859038929,44.9178111559387,0.0255305626160192,0.0893569691560671,0,0.472315408396354,43696,4394
